Name,Sparse Pattern,Sparse Block Ratio,Sparse Ratio,MACs,CPercent,Memory,MPercent,Params,PPercent,InShape,OutShape
input,1x1,0.00%,0.00%,0,0.00%,4915200,0.56%,0,0.00%,1x3x640x640,1x3x640x640
Slice_4,1x1,0.00%,0.00%,0,0.00%,2457616,0.28%,4,0.00%,1x3x640x640,1x3x320x640
Slice_14,1x1,0.00%,0.00%,0,0.00%,2457616,0.28%,4,0.00%,1x3x640x640,1x3x320x640
Slice_24,1x1,0.00%,0.00%,0,0.00%,2457616,0.28%,4,0.00%,1x3x640x640,1x3x320x640
Slice_34,1x1,0.00%,0.00%,0,0.00%,2457616,0.28%,4,0.00%,1x3x640x640,1x3x320x640
Slice_9,1x1,0.00%,0.00%,0,0.00%,1228816,0.14%,4,0.00%,1x3x320x640,1x3x320x320
Slice_19,1x1,0.00%,0.00%,0,0.00%,1228816,0.14%,4,0.00%,1x3x320x640,1x3x320x320
Slice_29,1x1,0.00%,0.00%,0,0.00%,1228816,0.14%,4,0.00%,1x3x320x640,1x3x320x320
Slice_39,1x1,0.00%,0.00%,0,0.00%,1228816,0.14%,4,0.00%,1x3x320x640,1x3x320x320
Concat_40,1x1,0.00%,0.00%,0,0.00%,4915200,0.56%,0,0.00%,1x3x320x320,1x12x320x320
Conv_53_quant,1x1,0.00%,0.00%,357171200,4.05%,13121152,1.49%,3488,0.05%,1x12x320x320,1x32x320x320
DequantizeLinear_61,1x1,0.00%,0.00%,6553600,0.07%,13107200,1.49%,0,0.00%,1x32x320x320,1x32x320x320
Add_63,1x1,0.00%,0.00%,3276800,0.04%,13107200,1.49%,0,0.00%,1x32x320x320,1x32x320x320
Clip_66,1x1,0.00%,0.00%,6553600,0.07%,13107200,1.49%,0,0.00%,1x32x320x320,1x32x320x320
Mul_67,1x1,0.00%,0.00%,3276800,0.04%,13107200,1.49%,0,0.00%,1x32x320x320,1x32x320x320
Div_69,1x1,0.00%,0.00%,6553600,0.07%,13107200,1.49%,0,0.00%,1x32x320x320,1x32x320x320
QuantizeLinear_72,1x1,0.00%,0.00%,6553600,0.07%,13107200,1.49%,0,0.00%,1x32x320x320,1x32x320x320
Conv_82_quant,4x1,52.92%,52.92%,473497600,5.36%,6627584,0.75%,18496,0.25%,1x32x320x320,1x64x160x160
DequantizeLinear_90,1x1,0.00%,0.00%,3276800,0.04%,6553600,0.74%,0,0.00%,1x64x160x160,1x64x160x160
Add_92,1x1,0.00%,0.00%,1638400,0.02%,6553600,0.74%,0,0.00%,1x64x160x160,1x64x160x160
Clip_95,1x1,0.00%,0.00%,3276800,0.04%,6553600,0.74%,0,0.00%,1x64x160x160,1x64x160x160
Mul_96,1x1,0.00%,0.00%,1638400,0.02%,6553600,0.74%,0,0.00%,1x64x160x160,1x64x160x160
Div_98,1x1,0.00%,0.00%,3276800,0.04%,6553600,0.74%,0,0.00%,1x64x160x160,1x64x160x160
QuantizeLinear_101,1x1,0.00%,0.00%,3276800,0.04%,6553600,0.74%,0,0.00%,1x64x160x160,1x64x160x160
Conv_111_quant,4x1,47.66%,47.66%,53248000,0.60%,3285120,0.37%,2080,0.03%,1x64x160x160,1x32x160x160
Conv_199_quant,4x1,44.43%,44.43%,53248000,0.60%,3285120,0.37%,2080,0.03%,1x64x160x160,1x32x160x160
DequantizeLinear_119,1x1,0.00%,0.00%,1638400,0.02%,3276800,0.37%,0,0.00%,1x32x160x160,1x32x160x160
DequantizeLinear_207,1x1,0.00%,0.00%,1638400,0.02%,3276800,0.37%,0,0.00%,1x32x160x160,1x32x160x160
Add_121,1x1,0.00%,0.00%,819200,0.01%,3276800,0.37%,0,0.00%,1x32x160x160,1x32x160x160
Add_209,1x1,0.00%,0.00%,819200,0.01%,3276800,0.37%,0,0.00%,1x32x160x160,1x32x160x160
Clip_124,1x1,0.00%,0.00%,1638400,0.02%,3276800,0.37%,0,0.00%,1x32x160x160,1x32x160x160
Clip_212,1x1,0.00%,0.00%,1638400,0.02%,3276800,0.37%,0,0.00%,1x32x160x160,1x32x160x160
Mul_125,1x1,0.00%,0.00%,819200,0.01%,3276800,0.37%,0,0.00%,1x32x160x160,1x32x160x160
Mul_213,1x1,0.00%,0.00%,819200,0.01%,3276800,0.37%,0,0.00%,1x32x160x160,1x32x160x160
Div_127,1x1,0.00%,0.00%,1638400,0.02%,3276800,0.37%,0,0.00%,1x32x160x160,1x32x160x160
Div_215,1x1,0.00%,0.00%,1638400,0.02%,3276800,0.37%,0,0.00%,1x32x160x160,1x32x160x160
QuantizeLinear_130,1x1,0.00%,0.00%,1638400,0.02%,3276800,0.37%,0,0.00%,1x32x160x160,1x32x160x160
QuantizeLinear_130_dequantized,1x1,0.00%,0.00%,1638400,0.02%,3276800,0.37%,0,0.00%,1x32x160x160,1x32x160x160
Conv_140_quant,4x1,42.48%,42.48%,27033600,0.31%,3281024,0.37%,1056,0.01%,1x32x160x160,1x32x160x160
DequantizeLinear_148,1x1,0.00%,0.00%,1638400,0.02%,3276800,0.37%,0,0.00%,1x32x160x160,1x32x160x160
Add_150,1x1,0.00%,0.00%,819200,0.01%,3276800,0.37%,0,0.00%,1x32x160x160,1x32x160x160
Clip_153,1x1,0.00%,0.00%,1638400,0.02%,3276800,0.37%,0,0.00%,1x32x160x160,1x32x160x160
Mul_154,1x1,0.00%,0.00%,819200,0.01%,3276800,0.37%,0,0.00%,1x32x160x160,1x32x160x160
Div_156,1x1,0.00%,0.00%,1638400,0.02%,3276800,0.37%,0,0.00%,1x32x160x160,1x32x160x160
QuantizeLinear_159,1x1,0.00%,0.00%,1638400,0.02%,3276800,0.37%,0,0.00%,1x32x160x160,1x32x160x160
Conv_169_quant,4x1,51.24%,51.24%,236748800,2.68%,3313792,0.38%,9248,0.13%,1x32x160x160,1x32x160x160
DequantizeLinear_177,1x1,0.00%,0.00%,1638400,0.02%,3276800,0.37%,0,0.00%,1x32x160x160,1x32x160x160
Add_179,1x1,0.00%,0.00%,819200,0.01%,3276800,0.37%,0,0.00%,1x32x160x160,1x32x160x160
Clip_182,1x1,0.00%,0.00%,1638400,0.02%,3276800,0.37%,0,0.00%,1x32x160x160,1x32x160x160
Mul_183,1x1,0.00%,0.00%,819200,0.01%,3276800,0.37%,0,0.00%,1x32x160x160,1x32x160x160
Div_185,1x1,0.00%,0.00%,1638400,0.02%,3276800,0.37%,0,0.00%,1x32x160x160,1x32x160x160
Add_186,1x1,0.00%,0.00%,819200,0.01%,3276800,0.37%,0,0.00%,1x32x160x160,1x32x160x160
Concat_216,1x1,0.00%,0.00%,0,0.00%,6553600,0.74%,0,0.00%,1x32x160x160,1x64x160x160
QuantizeLinear_219,1x1,0.00%,0.00%,3276800,0.04%,6553600,0.74%,0,0.00%,1x64x160x160,1x64x160x160
Conv_229_quant,4x1,43.58%,43.58%,106496000,1.21%,6570240,0.75%,4160,0.06%,1x64x160x160,1x64x160x160
DequantizeLinear_237,1x1,0.00%,0.00%,3276800,0.04%,6553600,0.74%,0,0.00%,1x64x160x160,1x64x160x160
Add_239,1x1,0.00%,0.00%,1638400,0.02%,6553600,0.74%,0,0.00%,1x64x160x160,1x64x160x160
Clip_242,1x1,0.00%,0.00%,3276800,0.04%,6553600,0.74%,0,0.00%,1x64x160x160,1x64x160x160
Mul_243,1x1,0.00%,0.00%,1638400,0.02%,6553600,0.74%,0,0.00%,1x64x160x160,1x64x160x160
Div_245,1x1,0.00%,0.00%,3276800,0.04%,6553600,0.74%,0,0.00%,1x64x160x160,1x64x160x160
QuantizeLinear_248,1x1,0.00%,0.00%,3276800,0.04%,6553600,0.74%,0,0.00%,1x64x160x160,1x64x160x160
Conv_258_quant,4x1,67.18%,67.18%,472678400,5.35%,3572224,0.41%,73856,1.02%,1x64x160x160,1x128x80x80
DequantizeLinear_266,1x1,0.00%,0.00%,1638400,0.02%,3276800,0.37%,0,0.00%,1x128x80x80,1x128x80x80
Add_268,1x1,0.00%,0.00%,819200,0.01%,3276800,0.37%,0,0.00%,1x128x80x80,1x128x80x80
Clip_271,1x1,0.00%,0.00%,1638400,0.02%,3276800,0.37%,0,0.00%,1x128x80x80,1x128x80x80
Mul_272,1x1,0.00%,0.00%,819200,0.01%,3276800,0.37%,0,0.00%,1x128x80x80,1x128x80x80
Div_274,1x1,0.00%,0.00%,1638400,0.02%,3276800,0.37%,0,0.00%,1x128x80x80,1x128x80x80
QuantizeLinear_277,1x1,0.00%,0.00%,1638400,0.02%,3276800,0.37%,0,0.00%,1x128x80x80,1x128x80x80
Conv_287_quant,4x1,51.66%,51.66%,52838400,0.60%,1671424,0.19%,8256,0.11%,1x128x80x80,1x64x80x80
Conv_493_quant,4x1,52.43%,52.43%,52838400,0.60%,1671424,0.19%,8256,0.11%,1x128x80x80,1x64x80x80
DequantizeLinear_295,1x1,0.00%,0.00%,819200,0.01%,1638400,0.19%,0,0.00%,1x64x80x80,1x64x80x80
DequantizeLinear_501,1x1,0.00%,0.00%,819200,0.01%,1638400,0.19%,0,0.00%,1x64x80x80,1x64x80x80
Add_297,1x1,0.00%,0.00%,409600,0.00%,1638400,0.19%,0,0.00%,1x64x80x80,1x64x80x80
Add_503,1x1,0.00%,0.00%,409600,0.00%,1638400,0.19%,0,0.00%,1x64x80x80,1x64x80x80
Clip_300,1x1,0.00%,0.00%,819200,0.01%,1638400,0.19%,0,0.00%,1x64x80x80,1x64x80x80
Clip_506,1x1,0.00%,0.00%,819200,0.01%,1638400,0.19%,0,0.00%,1x64x80x80,1x64x80x80
Mul_301,1x1,0.00%,0.00%,409600,0.00%,1638400,0.19%,0,0.00%,1x64x80x80,1x64x80x80
Mul_507,1x1,0.00%,0.00%,409600,0.00%,1638400,0.19%,0,0.00%,1x64x80x80,1x64x80x80
Div_303,1x1,0.00%,0.00%,819200,0.01%,1638400,0.19%,0,0.00%,1x64x80x80,1x64x80x80
Div_509,1x1,0.00%,0.00%,819200,0.01%,1638400,0.19%,0,0.00%,1x64x80x80,1x64x80x80
QuantizeLinear_306,1x1,0.00%,0.00%,819200,0.01%,1638400,0.19%,0,0.00%,1x64x80x80,1x64x80x80
QuantizeLinear_306_dequantized,1x1,0.00%,0.00%,819200,0.01%,1638400,0.19%,0,0.00%,1x64x80x80,1x64x80x80
Conv_316_quant,4x1,51.66%,51.66%,26624000,0.30%,1655040,0.19%,4160,0.06%,1x64x80x80,1x64x80x80
DequantizeLinear_324,1x1,0.00%,0.00%,819200,0.01%,1638400,0.19%,0,0.00%,1x64x80x80,1x64x80x80
Add_326,1x1,0.00%,0.00%,409600,0.00%,1638400,0.19%,0,0.00%,1x64x80x80,1x64x80x80
Clip_329,1x1,0.00%,0.00%,819200,0.01%,1638400,0.19%,0,0.00%,1x64x80x80,1x64x80x80
Mul_330,1x1,0.00%,0.00%,409600,0.00%,1638400,0.19%,0,0.00%,1x64x80x80,1x64x80x80
Div_332,1x1,0.00%,0.00%,819200,0.01%,1638400,0.19%,0,0.00%,1x64x80x80,1x64x80x80
QuantizeLinear_335,1x1,0.00%,0.00%,819200,0.01%,1638400,0.19%,0,0.00%,1x64x80x80,1x64x80x80
Conv_345_quant,4x1,66.08%,66.08%,236339200,2.68%,1786112,0.20%,36928,0.51%,1x64x80x80,1x64x80x80
DequantizeLinear_353,1x1,0.00%,0.00%,819200,0.01%,1638400,0.19%,0,0.00%,1x64x80x80,1x64x80x80
Add_355,1x1,0.00%,0.00%,409600,0.00%,1638400,0.19%,0,0.00%,1x64x80x80,1x64x80x80
Clip_358,1x1,0.00%,0.00%,819200,0.01%,1638400,0.19%,0,0.00%,1x64x80x80,1x64x80x80
Mul_359,1x1,0.00%,0.00%,409600,0.00%,1638400,0.19%,0,0.00%,1x64x80x80,1x64x80x80
Div_361,1x1,0.00%,0.00%,819200,0.01%,1638400,0.19%,0,0.00%,1x64x80x80,1x64x80x80
Add_362,1x1,0.00%,0.00%,409600,0.00%,1638400,0.19%,0,0.00%,1x64x80x80,1x64x80x80
QuantizeLinear_365,1x1,0.00%,0.00%,819200,0.01%,1638400,0.19%,0,0.00%,1x64x80x80,1x64x80x80
QuantizeLinear_365_dequantized,1x1,0.00%,0.00%,819200,0.01%,1638400,0.19%,0,0.00%,1x64x80x80,1x64x80x80
Conv_375_quant,4x1,50.76%,50.76%,26624000,0.30%,1655040,0.19%,4160,0.06%,1x64x80x80,1x64x80x80
DequantizeLinear_383,1x1,0.00%,0.00%,819200,0.01%,1638400,0.19%,0,0.00%,1x64x80x80,1x64x80x80
Add_385,1x1,0.00%,0.00%,409600,0.00%,1638400,0.19%,0,0.00%,1x64x80x80,1x64x80x80
Clip_388,1x1,0.00%,0.00%,819200,0.01%,1638400,0.19%,0,0.00%,1x64x80x80,1x64x80x80
Mul_389,1x1,0.00%,0.00%,409600,0.00%,1638400,0.19%,0,0.00%,1x64x80x80,1x64x80x80
Div_391,1x1,0.00%,0.00%,819200,0.01%,1638400,0.19%,0,0.00%,1x64x80x80,1x64x80x80
QuantizeLinear_394,1x1,0.00%,0.00%,819200,0.01%,1638400,0.19%,0,0.00%,1x64x80x80,1x64x80x80
Conv_404_quant,4x1,65.63%,65.63%,236339200,2.68%,1786112,0.20%,36928,0.51%,1x64x80x80,1x64x80x80
DequantizeLinear_412,1x1,0.00%,0.00%,819200,0.01%,1638400,0.19%,0,0.00%,1x64x80x80,1x64x80x80
Add_414,1x1,0.00%,0.00%,409600,0.00%,1638400,0.19%,0,0.00%,1x64x80x80,1x64x80x80
Clip_417,1x1,0.00%,0.00%,819200,0.01%,1638400,0.19%,0,0.00%,1x64x80x80,1x64x80x80
Mul_418,1x1,0.00%,0.00%,409600,0.00%,1638400,0.19%,0,0.00%,1x64x80x80,1x64x80x80
Div_420,1x1,0.00%,0.00%,819200,0.01%,1638400,0.19%,0,0.00%,1x64x80x80,1x64x80x80
Add_421,1x1,0.00%,0.00%,409600,0.00%,1638400,0.19%,0,0.00%,1x64x80x80,1x64x80x80
QuantizeLinear_424,1x1,0.00%,0.00%,819200,0.01%,1638400,0.19%,0,0.00%,1x64x80x80,1x64x80x80
QuantizeLinear_424_dequantized,1x1,0.00%,0.00%,819200,0.01%,1638400,0.19%,0,0.00%,1x64x80x80,1x64x80x80
Conv_434_quant,4x1,50.83%,50.83%,26624000,0.30%,1655040,0.19%,4160,0.06%,1x64x80x80,1x64x80x80
DequantizeLinear_442,1x1,0.00%,0.00%,819200,0.01%,1638400,0.19%,0,0.00%,1x64x80x80,1x64x80x80
Add_444,1x1,0.00%,0.00%,409600,0.00%,1638400,0.19%,0,0.00%,1x64x80x80,1x64x80x80
Clip_447,1x1,0.00%,0.00%,819200,0.01%,1638400,0.19%,0,0.00%,1x64x80x80,1x64x80x80
Mul_448,1x1,0.00%,0.00%,409600,0.00%,1638400,0.19%,0,0.00%,1x64x80x80,1x64x80x80
Div_450,1x1,0.00%,0.00%,819200,0.01%,1638400,0.19%,0,0.00%,1x64x80x80,1x64x80x80
QuantizeLinear_453,1x1,0.00%,0.00%,819200,0.01%,1638400,0.19%,0,0.00%,1x64x80x80,1x64x80x80
Conv_463_quant,4x1,65.78%,65.78%,236339200,2.68%,1786112,0.20%,36928,0.51%,1x64x80x80,1x64x80x80
DequantizeLinear_471,1x1,0.00%,0.00%,819200,0.01%,1638400,0.19%,0,0.00%,1x64x80x80,1x64x80x80
Add_473,1x1,0.00%,0.00%,409600,0.00%,1638400,0.19%,0,0.00%,1x64x80x80,1x64x80x80
Clip_476,1x1,0.00%,0.00%,819200,0.01%,1638400,0.19%,0,0.00%,1x64x80x80,1x64x80x80
Mul_477,1x1,0.00%,0.00%,409600,0.00%,1638400,0.19%,0,0.00%,1x64x80x80,1x64x80x80
Div_479,1x1,0.00%,0.00%,819200,0.01%,1638400,0.19%,0,0.00%,1x64x80x80,1x64x80x80
Add_480,1x1,0.00%,0.00%,409600,0.00%,1638400,0.19%,0,0.00%,1x64x80x80,1x64x80x80
Concat_510,1x1,0.00%,0.00%,0,0.00%,3276800,0.37%,0,0.00%,1x64x80x80,1x128x80x80
QuantizeLinear_513,1x1,0.00%,0.00%,1638400,0.02%,3276800,0.37%,0,0.00%,1x128x80x80,1x128x80x80
Conv_523_quant,4x1,52.15%,52.15%,105676800,1.20%,3342848,0.38%,16512,0.23%,1x128x80x80,1x128x80x80
DequantizeLinear_531,1x1,0.00%,0.00%,1638400,0.02%,3276800,0.37%,0,0.00%,1x128x80x80,1x128x80x80
Add_533,1x1,0.00%,0.00%,819200,0.01%,3276800,0.37%,0,0.00%,1x128x80x80,1x128x80x80
Clip_536,1x1,0.00%,0.00%,1638400,0.02%,3276800,0.37%,0,0.00%,1x128x80x80,1x128x80x80
Mul_537,1x1,0.00%,0.00%,819200,0.01%,3276800,0.37%,0,0.00%,1x128x80x80,1x128x80x80
Div_539,1x1,0.00%,0.00%,1638400,0.02%,3276800,0.37%,0,0.00%,1x128x80x80,1x128x80x80
QuantizeLinear_542,1x1,0.00%,0.00%,1638400,0.02%,3276800,0.37%,0,0.00%,1x128x80x80,1x128x80x80
Conv_552_quant,4x1,66.68%,66.68%,472268800,5.35%,2819072,0.32%,295168,4.06%,1x128x80x80,1x256x40x40
DequantizeLinear_560,1x1,0.00%,0.00%,819200,0.01%,1638400,0.19%,0,0.00%,1x256x40x40,1x256x40x40
Add_562,1x1,0.00%,0.00%,409600,0.00%,1638400,0.19%,0,0.00%,1x256x40x40,1x256x40x40
Clip_565,1x1,0.00%,0.00%,819200,0.01%,1638400,0.19%,0,0.00%,1x256x40x40,1x256x40x40
Mul_566,1x1,0.00%,0.00%,409600,0.00%,1638400,0.19%,0,0.00%,1x256x40x40,1x256x40x40
Div_568,1x1,0.00%,0.00%,819200,0.01%,1638400,0.19%,0,0.00%,1x256x40x40,1x256x40x40
QuantizeLinear_571,1x1,0.00%,0.00%,819200,0.01%,1638400,0.19%,0,0.00%,1x256x40x40,1x256x40x40
Conv_581_quant,4x1,51.09%,51.09%,52633600,0.60%,950784,0.11%,32896,0.45%,1x256x40x40,1x128x40x40
Conv_787_quant,4x1,51.16%,51.16%,52633600,0.60%,950784,0.11%,32896,0.45%,1x256x40x40,1x128x40x40
DequantizeLinear_589,1x1,0.00%,0.00%,409600,0.00%,819200,0.09%,0,0.00%,1x128x40x40,1x128x40x40
DequantizeLinear_795,1x1,0.00%,0.00%,409600,0.00%,819200,0.09%,0,0.00%,1x128x40x40,1x128x40x40
Add_591,1x1,0.00%,0.00%,204800,0.00%,819200,0.09%,0,0.00%,1x128x40x40,1x128x40x40
Add_797,1x1,0.00%,0.00%,204800,0.00%,819200,0.09%,0,0.00%,1x128x40x40,1x128x40x40
Clip_594,1x1,0.00%,0.00%,409600,0.00%,819200,0.09%,0,0.00%,1x128x40x40,1x128x40x40
Clip_800,1x1,0.00%,0.00%,409600,0.00%,819200,0.09%,0,0.00%,1x128x40x40,1x128x40x40
Mul_595,1x1,0.00%,0.00%,204800,0.00%,819200,0.09%,0,0.00%,1x128x40x40,1x128x40x40
Mul_801,1x1,0.00%,0.00%,204800,0.00%,819200,0.09%,0,0.00%,1x128x40x40,1x128x40x40
Div_597,1x1,0.00%,0.00%,409600,0.00%,819200,0.09%,0,0.00%,1x128x40x40,1x128x40x40
Div_803,1x1,0.00%,0.00%,409600,0.00%,819200,0.09%,0,0.00%,1x128x40x40,1x128x40x40
QuantizeLinear_600,1x1,0.00%,0.00%,409600,0.00%,819200,0.09%,0,0.00%,1x128x40x40,1x128x40x40
QuantizeLinear_600_dequantized,1x1,0.00%,0.00%,409600,0.00%,819200,0.09%,0,0.00%,1x128x40x40,1x128x40x40
Conv_610_quant,4x1,51.17%,51.17%,26419200,0.30%,885248,0.10%,16512,0.23%,1x128x40x40,1x128x40x40
DequantizeLinear_618,1x1,0.00%,0.00%,409600,0.00%,819200,0.09%,0,0.00%,1x128x40x40,1x128x40x40
Add_620,1x1,0.00%,0.00%,204800,0.00%,819200,0.09%,0,0.00%,1x128x40x40,1x128x40x40
Clip_623,1x1,0.00%,0.00%,409600,0.00%,819200,0.09%,0,0.00%,1x128x40x40,1x128x40x40
Mul_624,1x1,0.00%,0.00%,204800,0.00%,819200,0.09%,0,0.00%,1x128x40x40,1x128x40x40
Div_626,1x1,0.00%,0.00%,409600,0.00%,819200,0.09%,0,0.00%,1x128x40x40,1x128x40x40
QuantizeLinear_629,1x1,0.00%,0.00%,409600,0.00%,819200,0.09%,0,0.00%,1x128x40x40,1x128x40x40
Conv_639_quant,4x1,66.10%,66.10%,236134400,2.67%,1409536,0.16%,147584,2.03%,1x128x40x40,1x128x40x40
DequantizeLinear_647,1x1,0.00%,0.00%,409600,0.00%,819200,0.09%,0,0.00%,1x128x40x40,1x128x40x40
Add_649,1x1,0.00%,0.00%,204800,0.00%,819200,0.09%,0,0.00%,1x128x40x40,1x128x40x40
Clip_652,1x1,0.00%,0.00%,409600,0.00%,819200,0.09%,0,0.00%,1x128x40x40,1x128x40x40
Mul_653,1x1,0.00%,0.00%,204800,0.00%,819200,0.09%,0,0.00%,1x128x40x40,1x128x40x40
Div_655,1x1,0.00%,0.00%,409600,0.00%,819200,0.09%,0,0.00%,1x128x40x40,1x128x40x40
Add_656,1x1,0.00%,0.00%,204800,0.00%,819200,0.09%,0,0.00%,1x128x40x40,1x128x40x40
QuantizeLinear_659,1x1,0.00%,0.00%,409600,0.00%,819200,0.09%,0,0.00%,1x128x40x40,1x128x40x40
QuantizeLinear_659_dequantized,1x1,0.00%,0.00%,409600,0.00%,819200,0.09%,0,0.00%,1x128x40x40,1x128x40x40
Conv_669_quant,4x1,51.02%,51.02%,26419200,0.30%,885248,0.10%,16512,0.23%,1x128x40x40,1x128x40x40
DequantizeLinear_677,1x1,0.00%,0.00%,409600,0.00%,819200,0.09%,0,0.00%,1x128x40x40,1x128x40x40
Add_679,1x1,0.00%,0.00%,204800,0.00%,819200,0.09%,0,0.00%,1x128x40x40,1x128x40x40
Clip_682,1x1,0.00%,0.00%,409600,0.00%,819200,0.09%,0,0.00%,1x128x40x40,1x128x40x40
Mul_683,1x1,0.00%,0.00%,204800,0.00%,819200,0.09%,0,0.00%,1x128x40x40,1x128x40x40
Div_685,1x1,0.00%,0.00%,409600,0.00%,819200,0.09%,0,0.00%,1x128x40x40,1x128x40x40
QuantizeLinear_688,1x1,0.00%,0.00%,409600,0.00%,819200,0.09%,0,0.00%,1x128x40x40,1x128x40x40
Conv_698_quant,4x1,65.95%,65.95%,236134400,2.67%,1409536,0.16%,147584,2.03%,1x128x40x40,1x128x40x40
DequantizeLinear_706,1x1,0.00%,0.00%,409600,0.00%,819200,0.09%,0,0.00%,1x128x40x40,1x128x40x40
Add_708,1x1,0.00%,0.00%,204800,0.00%,819200,0.09%,0,0.00%,1x128x40x40,1x128x40x40
Clip_711,1x1,0.00%,0.00%,409600,0.00%,819200,0.09%,0,0.00%,1x128x40x40,1x128x40x40
Mul_712,1x1,0.00%,0.00%,204800,0.00%,819200,0.09%,0,0.00%,1x128x40x40,1x128x40x40
Div_714,1x1,0.00%,0.00%,409600,0.00%,819200,0.09%,0,0.00%,1x128x40x40,1x128x40x40
Add_715,1x1,0.00%,0.00%,204800,0.00%,819200,0.09%,0,0.00%,1x128x40x40,1x128x40x40
QuantizeLinear_718,1x1,0.00%,0.00%,409600,0.00%,819200,0.09%,0,0.00%,1x128x40x40,1x128x40x40
QuantizeLinear_718_dequantized,1x1,0.00%,0.00%,409600,0.00%,819200,0.09%,0,0.00%,1x128x40x40,1x128x40x40
Conv_728_quant,4x1,50.77%,50.77%,26419200,0.30%,885248,0.10%,16512,0.23%,1x128x40x40,1x128x40x40
DequantizeLinear_736,1x1,0.00%,0.00%,409600,0.00%,819200,0.09%,0,0.00%,1x128x40x40,1x128x40x40
Add_738,1x1,0.00%,0.00%,204800,0.00%,819200,0.09%,0,0.00%,1x128x40x40,1x128x40x40
Clip_741,1x1,0.00%,0.00%,409600,0.00%,819200,0.09%,0,0.00%,1x128x40x40,1x128x40x40
Mul_742,1x1,0.00%,0.00%,204800,0.00%,819200,0.09%,0,0.00%,1x128x40x40,1x128x40x40
Div_744,1x1,0.00%,0.00%,409600,0.00%,819200,0.09%,0,0.00%,1x128x40x40,1x128x40x40
QuantizeLinear_747,1x1,0.00%,0.00%,409600,0.00%,819200,0.09%,0,0.00%,1x128x40x40,1x128x40x40
Conv_757_quant,4x1,66.49%,66.49%,236134400,2.67%,1409536,0.16%,147584,2.03%,1x128x40x40,1x128x40x40
DequantizeLinear_765,1x1,0.00%,0.00%,409600,0.00%,819200,0.09%,0,0.00%,1x128x40x40,1x128x40x40
Add_767,1x1,0.00%,0.00%,204800,0.00%,819200,0.09%,0,0.00%,1x128x40x40,1x128x40x40
Clip_770,1x1,0.00%,0.00%,409600,0.00%,819200,0.09%,0,0.00%,1x128x40x40,1x128x40x40
Mul_771,1x1,0.00%,0.00%,204800,0.00%,819200,0.09%,0,0.00%,1x128x40x40,1x128x40x40
Div_773,1x1,0.00%,0.00%,409600,0.00%,819200,0.09%,0,0.00%,1x128x40x40,1x128x40x40
Add_774,1x1,0.00%,0.00%,204800,0.00%,819200,0.09%,0,0.00%,1x128x40x40,1x128x40x40
Concat_804,1x1,0.00%,0.00%,0,0.00%,1638400,0.19%,0,0.00%,1x128x40x40,1x256x40x40
QuantizeLinear_807,1x1,0.00%,0.00%,819200,0.01%,1638400,0.19%,0,0.00%,1x256x40x40,1x256x40x40
Conv_817_quant,4x1,51.20%,51.20%,105267200,1.19%,1901568,0.22%,65792,0.91%,1x256x40x40,1x256x40x40
DequantizeLinear_825,1x1,0.00%,0.00%,819200,0.01%,1638400,0.19%,0,0.00%,1x256x40x40,1x256x40x40
Add_827,1x1,0.00%,0.00%,409600,0.00%,1638400,0.19%,0,0.00%,1x256x40x40,1x256x40x40
Clip_830,1x1,0.00%,0.00%,819200,0.01%,1638400,0.19%,0,0.00%,1x256x40x40,1x256x40x40
Mul_831,1x1,0.00%,0.00%,409600,0.00%,1638400,0.19%,0,0.00%,1x256x40x40,1x256x40x40
Div_833,1x1,0.00%,0.00%,819200,0.01%,1638400,0.19%,0,0.00%,1x256x40x40,1x256x40x40
QuantizeLinear_836,1x1,0.00%,0.00%,819200,0.01%,1638400,0.19%,0,0.00%,1x256x40x40,1x256x40x40
Conv_846_quant,4x1,75.65%,75.65%,472064000,5.35%,5539840,0.63%,1180160,16.24%,1x256x40x40,1x512x20x20
DequantizeLinear_854,1x1,0.00%,0.00%,409600,0.00%,819200,0.09%,0,0.00%,1x512x20x20,1x512x20x20
Add_856,1x1,0.00%,0.00%,204800,0.00%,819200,0.09%,0,0.00%,1x512x20x20,1x512x20x20
Clip_859,1x1,0.00%,0.00%,409600,0.00%,819200,0.09%,0,0.00%,1x512x20x20,1x512x20x20
Mul_860,1x1,0.00%,0.00%,204800,0.00%,819200,0.09%,0,0.00%,1x512x20x20,1x512x20x20
Div_862,1x1,0.00%,0.00%,409600,0.00%,819200,0.09%,0,0.00%,1x512x20x20,1x512x20x20
QuantizeLinear_865,1x1,0.00%,0.00%,409600,0.00%,819200,0.09%,0,0.00%,1x512x20x20,1x512x20x20
Conv_875_quant,4x1,51.20%,51.20%,52531200,0.60%,934912,0.11%,131328,1.81%,1x512x20x20,1x256x20x20
DequantizeLinear_883,1x1,0.00%,0.00%,204800,0.00%,409600,0.05%,0,0.00%,1x256x20x20,1x256x20x20
Add_885,1x1,0.00%,0.00%,102400,0.00%,409600,0.05%,0,0.00%,1x256x20x20,1x256x20x20
Clip_888,1x1,0.00%,0.00%,204800,0.00%,409600,0.05%,0,0.00%,1x256x20x20,1x256x20x20
Mul_889,1x1,0.00%,0.00%,102400,0.00%,409600,0.05%,0,0.00%,1x256x20x20,1x256x20x20
Div_891,1x1,0.00%,0.00%,204800,0.00%,409600,0.05%,0,0.00%,1x256x20x20,1x256x20x20
MaxPool_892,1x1,0.00%,0.00%,2560000,0.03%,409600,0.05%,0,0.00%,1x256x20x20,1x256x20x20
MaxPool_893,1x1,0.00%,0.00%,8294400,0.09%,409600,0.05%,0,0.00%,1x256x20x20,1x256x20x20
MaxPool_894,1x1,0.00%,0.00%,17305600,0.20%,409600,0.05%,0,0.00%,1x256x20x20,1x256x20x20
Concat_895,1x1,0.00%,0.00%,0,0.00%,1638400,0.19%,0,0.00%,1x256x20x20,1x1024x20x20
QuantizeLinear_898,1x1,0.00%,0.00%,819200,0.01%,1638400,0.19%,0,0.00%,1x1024x20x20,1x1024x20x20
Conv_908_quant,4x1,76.06%,76.06%,209920000,2.38%,2918400,0.33%,524800,7.22%,1x1024x20x20,1x512x20x20
DequantizeLinear_916,1x1,0.00%,0.00%,409600,0.00%,819200,0.09%,0,0.00%,1x512x20x20,1x512x20x20
Add_918,1x1,0.00%,0.00%,204800,0.00%,819200,0.09%,0,0.00%,1x512x20x20,1x512x20x20
Clip_921,1x1,0.00%,0.00%,409600,0.00%,819200,0.09%,0,0.00%,1x512x20x20,1x512x20x20
Mul_922,1x1,0.00%,0.00%,204800,0.00%,819200,0.09%,0,0.00%,1x512x20x20,1x512x20x20
Div_924,1x1,0.00%,0.00%,409600,0.00%,819200,0.09%,0,0.00%,1x512x20x20,1x512x20x20
QuantizeLinear_927,1x1,0.00%,0.00%,409600,0.00%,819200,0.09%,0,0.00%,1x512x20x20,1x512x20x20
Conv_937_quant,4x1,66.69%,66.69%,52531200,0.60%,934912,0.11%,131328,1.81%,1x512x20x20,1x256x20x20
Conv_1024_quant,4x1,66.19%,66.19%,52531200,0.60%,934912,0.11%,131328,1.81%,1x512x20x20,1x256x20x20
DequantizeLinear_945,1x1,0.00%,0.00%,204800,0.00%,409600,0.05%,0,0.00%,1x256x20x20,1x256x20x20
DequantizeLinear_1032,1x1,0.00%,0.00%,204800,0.00%,409600,0.05%,0,0.00%,1x256x20x20,1x256x20x20
Add_947,1x1,0.00%,0.00%,102400,0.00%,409600,0.05%,0,0.00%,1x256x20x20,1x256x20x20
Add_1034,1x1,0.00%,0.00%,102400,0.00%,409600,0.05%,0,0.00%,1x256x20x20,1x256x20x20
Clip_950,1x1,0.00%,0.00%,204800,0.00%,409600,0.05%,0,0.00%,1x256x20x20,1x256x20x20
Clip_1037,1x1,0.00%,0.00%,204800,0.00%,409600,0.05%,0,0.00%,1x256x20x20,1x256x20x20
Mul_951,1x1,0.00%,0.00%,102400,0.00%,409600,0.05%,0,0.00%,1x256x20x20,1x256x20x20
Mul_1038,1x1,0.00%,0.00%,102400,0.00%,409600,0.05%,0,0.00%,1x256x20x20,1x256x20x20
Div_953,1x1,0.00%,0.00%,204800,0.00%,409600,0.05%,0,0.00%,1x256x20x20,1x256x20x20
Div_1040,1x1,0.00%,0.00%,204800,0.00%,409600,0.05%,0,0.00%,1x256x20x20,1x256x20x20
QuantizeLinear_956,1x1,0.00%,0.00%,204800,0.00%,409600,0.05%,0,0.00%,1x256x20x20,1x256x20x20
Conv_966_quant,4x1,66.15%,66.15%,26316800,0.30%,672768,0.08%,65792,0.91%,1x256x20x20,1x256x20x20
DequantizeLinear_974,1x1,0.00%,0.00%,204800,0.00%,409600,0.05%,0,0.00%,1x256x20x20,1x256x20x20
Add_976,1x1,0.00%,0.00%,102400,0.00%,409600,0.05%,0,0.00%,1x256x20x20,1x256x20x20
Clip_979,1x1,0.00%,0.00%,204800,0.00%,409600,0.05%,0,0.00%,1x256x20x20,1x256x20x20
Mul_980,1x1,0.00%,0.00%,102400,0.00%,409600,0.05%,0,0.00%,1x256x20x20,1x256x20x20
Div_982,1x1,0.00%,0.00%,204800,0.00%,409600,0.05%,0,0.00%,1x256x20x20,1x256x20x20
QuantizeLinear_985,1x1,0.00%,0.00%,204800,0.00%,409600,0.05%,0,0.00%,1x256x20x20,1x256x20x20
Conv_995_quant,4x1,76.42%,76.42%,236032000,2.67%,2769920,0.31%,590080,8.12%,1x256x20x20,1x256x20x20
DequantizeLinear_1003,1x1,0.00%,0.00%,204800,0.00%,409600,0.05%,0,0.00%,1x256x20x20,1x256x20x20
Add_1005,1x1,0.00%,0.00%,102400,0.00%,409600,0.05%,0,0.00%,1x256x20x20,1x256x20x20
Clip_1008,1x1,0.00%,0.00%,204800,0.00%,409600,0.05%,0,0.00%,1x256x20x20,1x256x20x20
Mul_1009,1x1,0.00%,0.00%,102400,0.00%,409600,0.05%,0,0.00%,1x256x20x20,1x256x20x20
Div_1011,1x1,0.00%,0.00%,204800,0.00%,409600,0.05%,0,0.00%,1x256x20x20,1x256x20x20
Concat_1041,1x1,0.00%,0.00%,0,0.00%,819200,0.09%,0,0.00%,1x256x20x20,1x512x20x20
QuantizeLinear_1044,1x1,0.00%,0.00%,409600,0.00%,819200,0.09%,0,0.00%,1x512x20x20,1x512x20x20
Conv_1054_quant,4x1,66.20%,66.20%,105062400,1.19%,1869824,0.21%,262656,3.61%,1x512x20x20,1x512x20x20
DequantizeLinear_1062,1x1,0.00%,0.00%,409600,0.00%,819200,0.09%,0,0.00%,1x512x20x20,1x512x20x20
Add_1064,1x1,0.00%,0.00%,204800,0.00%,819200,0.09%,0,0.00%,1x512x20x20,1x512x20x20
Clip_1067,1x1,0.00%,0.00%,409600,0.00%,819200,0.09%,0,0.00%,1x512x20x20,1x512x20x20
Mul_1068,1x1,0.00%,0.00%,204800,0.00%,819200,0.09%,0,0.00%,1x512x20x20,1x512x20x20
Div_1070,1x1,0.00%,0.00%,409600,0.00%,819200,0.09%,0,0.00%,1x512x20x20,1x512x20x20
QuantizeLinear_1073,1x1,0.00%,0.00%,409600,0.00%,819200,0.09%,0,0.00%,1x512x20x20,1x512x20x20
Conv_1083_quant,4x1,66.70%,66.70%,52531200,0.60%,934912,0.11%,131328,1.81%,1x512x20x20,1x256x20x20
DequantizeLinear_1091,1x1,0.00%,0.00%,204800,0.00%,409600,0.05%,0,0.00%,1x256x20x20,1x256x20x20
Add_1093,1x1,0.00%,0.00%,102400,0.00%,409600,0.05%,0,0.00%,1x256x20x20,1x256x20x20
Clip_1096,1x1,0.00%,0.00%,204800,0.00%,409600,0.05%,0,0.00%,1x256x20x20,1x256x20x20
Mul_1097,1x1,0.00%,0.00%,102400,0.00%,409600,0.05%,0,0.00%,1x256x20x20,1x256x20x20
Div_1099,1x1,0.00%,0.00%,204800,0.00%,409600,0.05%,0,0.00%,1x256x20x20,1x256x20x20
Resize_1101,1x1,0.00%,0.00%,0,0.00%,1638416,0.19%,4,0.00%,1x256x20x20,1x256x40x40
Concat_1102,1x1,0.00%,0.00%,0,0.00%,3276800,0.37%,0,0.00%,1x256x40x40,1x512x40x40
QuantizeLinear_1105,1x1,0.00%,0.00%,1638400,0.02%,3276800,0.37%,0,0.00%,1x512x40x40,1x512x40x40
Conv_1115_quant,4x1,66.60%,66.60%,105062400,1.19%,1081856,0.12%,65664,0.90%,1x512x40x40,1x128x40x40
Conv_1202_quant,4x1,66.07%,66.07%,105062400,1.19%,1081856,0.12%,65664,0.90%,1x512x40x40,1x128x40x40
DequantizeLinear_1123,1x1,0.00%,0.00%,409600,0.00%,819200,0.09%,0,0.00%,1x128x40x40,1x128x40x40
DequantizeLinear_1210,1x1,0.00%,0.00%,409600,0.00%,819200,0.09%,0,0.00%,1x128x40x40,1x128x40x40
Add_1125,1x1,0.00%,0.00%,204800,0.00%,819200,0.09%,0,0.00%,1x128x40x40,1x128x40x40
Add_1212,1x1,0.00%,0.00%,204800,0.00%,819200,0.09%,0,0.00%,1x128x40x40,1x128x40x40
Clip_1128,1x1,0.00%,0.00%,409600,0.00%,819200,0.09%,0,0.00%,1x128x40x40,1x128x40x40
Clip_1215,1x1,0.00%,0.00%,409600,0.00%,819200,0.09%,0,0.00%,1x128x40x40,1x128x40x40
Mul_1129,1x1,0.00%,0.00%,204800,0.00%,819200,0.09%,0,0.00%,1x128x40x40,1x128x40x40
Mul_1216,1x1,0.00%,0.00%,204800,0.00%,819200,0.09%,0,0.00%,1x128x40x40,1x128x40x40
Div_1131,1x1,0.00%,0.00%,409600,0.00%,819200,0.09%,0,0.00%,1x128x40x40,1x128x40x40
Div_1218,1x1,0.00%,0.00%,409600,0.00%,819200,0.09%,0,0.00%,1x128x40x40,1x128x40x40
QuantizeLinear_1134,1x1,0.00%,0.00%,409600,0.00%,819200,0.09%,0,0.00%,1x128x40x40,1x128x40x40
Conv_1144_quant,4x1,51.90%,51.90%,26419200,0.30%,885248,0.10%,16512,0.23%,1x128x40x40,1x128x40x40
DequantizeLinear_1152,1x1,0.00%,0.00%,409600,0.00%,819200,0.09%,0,0.00%,1x128x40x40,1x128x40x40
Add_1154,1x1,0.00%,0.00%,204800,0.00%,819200,0.09%,0,0.00%,1x128x40x40,1x128x40x40
Clip_1157,1x1,0.00%,0.00%,409600,0.00%,819200,0.09%,0,0.00%,1x128x40x40,1x128x40x40
Mul_1158,1x1,0.00%,0.00%,204800,0.00%,819200,0.09%,0,0.00%,1x128x40x40,1x128x40x40
Div_1160,1x1,0.00%,0.00%,409600,0.00%,819200,0.09%,0,0.00%,1x128x40x40,1x128x40x40
QuantizeLinear_1163,1x1,0.00%,0.00%,409600,0.00%,819200,0.09%,0,0.00%,1x128x40x40,1x128x40x40
Conv_1173_quant,4x1,76.07%,76.07%,236134400,2.67%,1409536,0.16%,147584,2.03%,1x128x40x40,1x128x40x40
DequantizeLinear_1181,1x1,0.00%,0.00%,409600,0.00%,819200,0.09%,0,0.00%,1x128x40x40,1x128x40x40
Add_1183,1x1,0.00%,0.00%,204800,0.00%,819200,0.09%,0,0.00%,1x128x40x40,1x128x40x40
Clip_1186,1x1,0.00%,0.00%,409600,0.00%,819200,0.09%,0,0.00%,1x128x40x40,1x128x40x40
Mul_1187,1x1,0.00%,0.00%,204800,0.00%,819200,0.09%,0,0.00%,1x128x40x40,1x128x40x40
Div_1189,1x1,0.00%,0.00%,409600,0.00%,819200,0.09%,0,0.00%,1x128x40x40,1x128x40x40
Concat_1219,1x1,0.00%,0.00%,0,0.00%,1638400,0.19%,0,0.00%,1x128x40x40,1x256x40x40
QuantizeLinear_1222,1x1,0.00%,0.00%,819200,0.01%,1638400,0.19%,0,0.00%,1x256x40x40,1x256x40x40
Conv_1232_quant,4x1,65.75%,65.75%,105267200,1.19%,1901568,0.22%,65792,0.91%,1x256x40x40,1x256x40x40
DequantizeLinear_1240,1x1,0.00%,0.00%,819200,0.01%,1638400,0.19%,0,0.00%,1x256x40x40,1x256x40x40
Add_1242,1x1,0.00%,0.00%,409600,0.00%,1638400,0.19%,0,0.00%,1x256x40x40,1x256x40x40
Clip_1245,1x1,0.00%,0.00%,819200,0.01%,1638400,0.19%,0,0.00%,1x256x40x40,1x256x40x40
Mul_1246,1x1,0.00%,0.00%,409600,0.00%,1638400,0.19%,0,0.00%,1x256x40x40,1x256x40x40
Div_1248,1x1,0.00%,0.00%,819200,0.01%,1638400,0.19%,0,0.00%,1x256x40x40,1x256x40x40
QuantizeLinear_1251,1x1,0.00%,0.00%,819200,0.01%,1638400,0.19%,0,0.00%,1x256x40x40,1x256x40x40
Conv_1261_quant,4x1,66.73%,66.73%,52633600,0.60%,950784,0.11%,32896,0.45%,1x256x40x40,1x128x40x40
DequantizeLinear_1269,1x1,0.00%,0.00%,409600,0.00%,819200,0.09%,0,0.00%,1x128x40x40,1x128x40x40
Add_1271,1x1,0.00%,0.00%,204800,0.00%,819200,0.09%,0,0.00%,1x128x40x40,1x128x40x40
Clip_1274,1x1,0.00%,0.00%,409600,0.00%,819200,0.09%,0,0.00%,1x128x40x40,1x128x40x40
Mul_1275,1x1,0.00%,0.00%,204800,0.00%,819200,0.09%,0,0.00%,1x128x40x40,1x128x40x40
Div_1277,1x1,0.00%,0.00%,409600,0.00%,819200,0.09%,0,0.00%,1x128x40x40,1x128x40x40
Resize_1279,1x1,0.00%,0.00%,0,0.00%,3276816,0.37%,4,0.00%,1x128x40x40,1x128x80x80
Concat_1280,1x1,0.00%,0.00%,0,0.00%,6553600,0.74%,0,0.00%,1x128x80x80,1x256x80x80
QuantizeLinear_1283,1x1,0.00%,0.00%,3276800,0.04%,6553600,0.74%,0,0.00%,1x256x80x80,1x256x80x80
Conv_1293_quant,4x1,66.96%,66.96%,105267200,1.19%,1704192,0.19%,16448,0.23%,1x256x80x80,1x64x80x80
Conv_1380_quant,4x1,76.68%,76.68%,105267200,1.19%,1704192,0.19%,16448,0.23%,1x256x80x80,1x64x80x80
DequantizeLinear_1301,1x1,0.00%,0.00%,819200,0.01%,1638400,0.19%,0,0.00%,1x64x80x80,1x64x80x80
DequantizeLinear_1388,1x1,0.00%,0.00%,819200,0.01%,1638400,0.19%,0,0.00%,1x64x80x80,1x64x80x80
Add_1303,1x1,0.00%,0.00%,409600,0.00%,1638400,0.19%,0,0.00%,1x64x80x80,1x64x80x80
Add_1390,1x1,0.00%,0.00%,409600,0.00%,1638400,0.19%,0,0.00%,1x64x80x80,1x64x80x80
Clip_1306,1x1,0.00%,0.00%,819200,0.01%,1638400,0.19%,0,0.00%,1x64x80x80,1x64x80x80
Clip_1393,1x1,0.00%,0.00%,819200,0.01%,1638400,0.19%,0,0.00%,1x64x80x80,1x64x80x80
Mul_1307,1x1,0.00%,0.00%,409600,0.00%,1638400,0.19%,0,0.00%,1x64x80x80,1x64x80x80
Mul_1394,1x1,0.00%,0.00%,409600,0.00%,1638400,0.19%,0,0.00%,1x64x80x80,1x64x80x80
Div_1309,1x1,0.00%,0.00%,819200,0.01%,1638400,0.19%,0,0.00%,1x64x80x80,1x64x80x80
Div_1396,1x1,0.00%,0.00%,819200,0.01%,1638400,0.19%,0,0.00%,1x64x80x80,1x64x80x80
QuantizeLinear_1312,1x1,0.00%,0.00%,819200,0.01%,1638400,0.19%,0,0.00%,1x64x80x80,1x64x80x80
Conv_1322_quant,4x1,52.51%,52.51%,26624000,0.30%,1655040,0.19%,4160,0.06%,1x64x80x80,1x64x80x80
DequantizeLinear_1330,1x1,0.00%,0.00%,819200,0.01%,1638400,0.19%,0,0.00%,1x64x80x80,1x64x80x80
Add_1332,1x1,0.00%,0.00%,409600,0.00%,1638400,0.19%,0,0.00%,1x64x80x80,1x64x80x80
Clip_1335,1x1,0.00%,0.00%,819200,0.01%,1638400,0.19%,0,0.00%,1x64x80x80,1x64x80x80
Mul_1336,1x1,0.00%,0.00%,409600,0.00%,1638400,0.19%,0,0.00%,1x64x80x80,1x64x80x80
Div_1338,1x1,0.00%,0.00%,819200,0.01%,1638400,0.19%,0,0.00%,1x64x80x80,1x64x80x80
QuantizeLinear_1341,1x1,0.00%,0.00%,819200,0.01%,1638400,0.19%,0,0.00%,1x64x80x80,1x64x80x80
Conv_1351_quant,4x1,67.28%,67.28%,236339200,2.68%,1786112,0.20%,36928,0.51%,1x64x80x80,1x64x80x80
DequantizeLinear_1359,1x1,0.00%,0.00%,819200,0.01%,1638400,0.19%,0,0.00%,1x64x80x80,1x64x80x80
Add_1361,1x1,0.00%,0.00%,409600,0.00%,1638400,0.19%,0,0.00%,1x64x80x80,1x64x80x80
Clip_1364,1x1,0.00%,0.00%,819200,0.01%,1638400,0.19%,0,0.00%,1x64x80x80,1x64x80x80
Mul_1365,1x1,0.00%,0.00%,409600,0.00%,1638400,0.19%,0,0.00%,1x64x80x80,1x64x80x80
Div_1367,1x1,0.00%,0.00%,819200,0.01%,1638400,0.19%,0,0.00%,1x64x80x80,1x64x80x80
Concat_1397,1x1,0.00%,0.00%,0,0.00%,3276800,0.37%,0,0.00%,1x64x80x80,1x128x80x80
QuantizeLinear_1400,1x1,0.00%,0.00%,1638400,0.02%,3276800,0.37%,0,0.00%,1x128x80x80,1x128x80x80
Conv_1410_quant,4x1,69.37%,69.37%,105676800,1.20%,3342848,0.38%,16512,0.23%,1x128x80x80,1x128x80x80
DequantizeLinear_1418,1x1,0.00%,0.00%,1638400,0.02%,3276800,0.37%,0,0.00%,1x128x80x80,1x128x80x80
Add_1420,1x1,0.00%,0.00%,819200,0.01%,3276800,0.37%,0,0.00%,1x128x80x80,1x128x80x80
Clip_1423,1x1,0.00%,0.00%,1638400,0.02%,3276800,0.37%,0,0.00%,1x128x80x80,1x128x80x80
Mul_1424,1x1,0.00%,0.00%,819200,0.01%,3276800,0.37%,0,0.00%,1x128x80x80,1x128x80x80
Div_1426,1x1,0.00%,0.00%,1638400,0.02%,3276800,0.37%,0,0.00%,1x128x80x80,1x128x80x80
QuantizeLinear_1429,1x1,0.00%,0.00%,1638400,0.02%,3276800,0.37%,0,0.00%,1x128x80x80,1x128x80x80
Conv_1779,1x1,0.00%,0.00%,210528000,2.38%,6659580,0.76%,32895,0.45%,1x128x80x80,1x255x80x80
Conv_1439_quant,4x1,76.76%,76.76%,236134400,2.67%,1409536,0.16%,147584,2.03%,1x128x80x80,1x128x40x40
Shape_1780,1x1,0.00%,0.00%,0,0.00%,16,0.00%,0,0.00%,1x255x80x80,4
Shape_1783,1x1,0.00%,0.00%,0,0.00%,16,0.00%,0,0.00%,1x255x80x80,4
Shape_1786,1x1,0.00%,0.00%,0,0.00%,16,0.00%,0,0.00%,1x255x80x80,4
DequantizeLinear_1447,1x1,0.00%,0.00%,409600,0.00%,819200,0.09%,0,0.00%,1x128x40x40,1x128x40x40
Gather_1782,1x1,0.00%,0.00%,0,0.00%,0,0.00%,0,0.00%,4,0
Gather_1785,1x1,0.00%,0.00%,0,0.00%,0,0.00%,0,0.00%,4,0
Gather_1788,1x1,0.00%,0.00%,0,0.00%,0,0.00%,0,0.00%,4,0
Add_1449,1x1,0.00%,0.00%,204800,0.00%,819200,0.09%,0,0.00%,1x128x40x40,1x128x40x40
Unsqueeze_1789,1x1,0.00%,0.00%,0,0.00%,4,0.00%,0,0.00%,0,1
Unsqueeze_1790,1x1,0.00%,0.00%,0,0.00%,4,0.00%,0,0.00%,0,1
Unsqueeze_1791,1x1,0.00%,0.00%,0,0.00%,4,0.00%,0,0.00%,0,1
Cast_1795,1x1,0.00%,0.00%,0,0.00%,0,0.00%,0,0.00%,0,0
Cast_1799,1x1,0.00%,0.00%,0,0.00%,0,0.00%,0,0.00%,0,0
Unsqueeze_1821,1x1,0.00%,0.00%,0,0.00%,4,0.00%,0,0.00%,0,1
Unsqueeze_1822,1x1,0.00%,0.00%,0,0.00%,4,0.00%,0,0.00%,0,1
Unsqueeze_1855,1x1,0.00%,0.00%,0,0.00%,4,0.00%,0,0.00%,0,1
Clip_1452,1x1,0.00%,0.00%,409600,0.00%,819200,0.09%,0,0.00%,1x128x40x40,1x128x40x40
Concat_1792,1x1,0.00%,0.00%,0,0.00%,28,0.00%,2,0.00%,1,5
Range_1798,1x1,0.00%,0.00%,160,0.00%,320,0.00%,0,0.00%,0,80
Range_1802,1x1,0.00%,0.00%,160,0.00%,320,0.00%,0,0.00%,0,80
Concat_1823,1x1,0.00%,0.00%,0,0.00%,32,0.00%,3,0.00%,1,5
Concat_1856,1x1,0.00%,0.00%,0,0.00%,20,0.00%,2,0.00%,1,3
Mul_1453,1x1,0.00%,0.00%,204800,0.00%,819200,0.09%,0,0.00%,1x128x40x40,1x128x40x40
Reshape_1793,1x1,0.00%,0.00%,0,0.00%,6528000,0.74%,0,0.00%,1x255x80x80,1x3x85x80x80
Reshape_1804,1x1,0.00%,0.00%,0,0.00%,324,0.00%,1,0.00%,80,80
Reshape_1806,1x1,0.00%,0.00%,0,0.00%,324,0.00%,1,0.00%,80,80
Div_1455,1x1,0.00%,0.00%,409600,0.00%,819200,0.09%,0,0.00%,1x128x40x40,1x128x40x40
Shape_1807,1x1,0.00%,0.00%,0,0.00%,4,0.00%,0,0.00%,80,1
Shape_1808,1x1,0.00%,0.00%,0,0.00%,4,0.00%,0,0.00%,80,1
Transpose_1794,1x1,0.00%,0.00%,0,0.00%,6528000,0.74%,0,0.00%,1x3x85x80x80,1x3x80x80x85
Concat_1456,1x1,0.00%,0.00%,0,0.00%,1638400,0.19%,0,0.00%,1x128x40x40,1x256x40x40
Concat_1809,1x1,0.00%,0.00%,0,0.00%,8,0.00%,0,0.00%,1,2
Concat_1811,1x1,0.00%,0.00%,0,0.00%,12,0.00%,1,0.00%,1,2
Concat_1815,1x1,0.00%,0.00%,0,0.00%,12,0.00%,1,0.00%,1,2
Sigmoid_1827,1x1,0.00%,0.00%,26112000,0.30%,6528000,0.74%,0,0.00%,1x3x80x80x85,1x3x80x80x85
QuantizeLinear_1459,1x1,0.00%,0.00%,819200,0.01%,1638400,0.19%,0,0.00%,1x256x40x40,1x256x40x40
Reshape_1812,1x1,0.00%,0.00%,0,0.00%,320,0.00%,0,0.00%,80,80x1
Reshape_1816,1x1,0.00%,0.00%,0,0.00%,320,0.00%,0,0.00%,80,1x80
Slice_1832,1x1,0.00%,0.00%,0,0.00%,153616,0.02%,4,0.00%,1x3x80x80x85,1x3x80x80x2
Slice_1844,1x1,0.00%,0.00%,0,0.00%,153616,0.02%,4,0.00%,1x3x80x80x85,1x3x80x80x2
Slice_1853,1x1,0.00%,0.00%,0,0.00%,6220816,0.71%,4,0.00%,1x3x80x80x85,1x3x80x80x81
Conv_1469_quant,4x1,66.93%,66.93%,52633600,0.60%,950784,0.11%,32896,0.45%,1x256x40x40,1x128x40x40
Conv_1556_quant,4x1,76.36%,76.36%,52633600,0.60%,950784,0.11%,32896,0.45%,1x256x40x40,1x128x40x40
Expand_1813,1x1,0.00%,0.00%,0,0.00%,25600,0.00%,0,0.00%,80x1,80x80
Expand_1817,1x1,0.00%,0.00%,0,0.00%,25600,0.00%,0,0.00%,1x80,80x80
Mul_1834,1x1,0.00%,0.00%,38400,0.00%,153600,0.02%,0,0.00%,1x3x80x80x2,1x3x80x80x2
Mul_1846,1x1,0.00%,0.00%,38400,0.00%,153600,0.02%,0,0.00%,1x3x80x80x2,1x3x80x80x2
DequantizeLinear_1477,1x1,0.00%,0.00%,409600,0.00%,819200,0.09%,0,0.00%,1x128x40x40,1x128x40x40
DequantizeLinear_1564,1x1,0.00%,0.00%,409600,0.00%,819200,0.09%,0,0.00%,1x128x40x40,1x128x40x40
Unsqueeze_1818,1x1,0.00%,0.00%,0,0.00%,25600,0.00%,0,0.00%,80x80,80x80x1
Unsqueeze_1819,1x1,0.00%,0.00%,0,0.00%,25600,0.00%,0,0.00%,80x80,80x80x1
Sub_1836,1x1,0.00%,0.00%,38400,0.00%,153600,0.02%,0,0.00%,1x3x80x80x2,1x3x80x80x2
Pow_1847,1x1,0.00%,0.00%,1228800,0.01%,153600,0.02%,0,0.00%,1x3x80x80x2,1x3x80x80x2
Add_1479,1x1,0.00%,0.00%,204800,0.00%,819200,0.09%,0,0.00%,1x128x40x40,1x128x40x40
Add_1566,1x1,0.00%,0.00%,204800,0.00%,819200,0.09%,0,0.00%,1x128x40x40,1x128x40x40
Concat_1820,1x1,0.00%,0.00%,0,0.00%,51200,0.01%,0,0.00%,80x80x1,80x80x2
Mul_1848,1x1,0.00%,0.00%,38400,0.00%,153624,0.02%,6,0.00%,1x3x80x80x2,1x3x80x80x2
Clip_1482,1x1,0.00%,0.00%,409600,0.00%,819200,0.09%,0,0.00%,1x128x40x40,1x128x40x40
Clip_1569,1x1,0.00%,0.00%,409600,0.00%,819200,0.09%,0,0.00%,1x128x40x40,1x128x40x40
Reshape_1824,1x1,0.00%,0.00%,0,0.00%,51200,0.01%,0,0.00%,80x80x2,1x1x80x80x2
Mul_1483,1x1,0.00%,0.00%,204800,0.00%,819200,0.09%,0,0.00%,1x128x40x40,1x128x40x40
Mul_1570,1x1,0.00%,0.00%,204800,0.00%,819200,0.09%,0,0.00%,1x128x40x40,1x128x40x40
Cast_1825,1x1,0.00%,0.00%,0,0.00%,51200,0.01%,0,0.00%,1x1x80x80x2,1x1x80x80x2
Div_1485,1x1,0.00%,0.00%,409600,0.00%,819200,0.09%,0,0.00%,1x128x40x40,1x128x40x40
Div_1572,1x1,0.00%,0.00%,409600,0.00%,819200,0.09%,0,0.00%,1x128x40x40,1x128x40x40
Cast_1826,1x1,0.00%,0.00%,0,0.00%,51200,0.01%,0,0.00%,1x1x80x80x2,1x1x80x80x2
QuantizeLinear_1488,1x1,0.00%,0.00%,409600,0.00%,819200,0.09%,0,0.00%,1x128x40x40,1x128x40x40
Add_1837,1x1,0.00%,0.00%,38400,0.00%,153600,0.02%,0,0.00%,1x3x80x80x2,1x3x80x80x2
Conv_1498_quant,4x1,66.83%,66.83%,26419200,0.30%,885248,0.10%,16512,0.23%,1x128x40x40,1x128x40x40
Mul_1839,1x1,0.00%,0.00%,38400,0.00%,153600,0.02%,0,0.00%,1x3x80x80x2,1x3x80x80x2
DequantizeLinear_1506,1x1,0.00%,0.00%,409600,0.00%,819200,0.09%,0,0.00%,1x128x40x40,1x128x40x40
Concat_1854,1x1,0.00%,0.00%,0,0.00%,6528000,0.74%,0,0.00%,1x3x80x80x2,1x3x80x80x85
Add_1508,1x1,0.00%,0.00%,204800,0.00%,819200,0.09%,0,0.00%,1x128x40x40,1x128x40x40
Reshape_1857,1x1,0.00%,0.00%,0,0.00%,6528000,0.74%,0,0.00%,1x3x80x80x85,1x19200x85
Clip_1511,1x1,0.00%,0.00%,409600,0.00%,819200,0.09%,0,0.00%,1x128x40x40,1x128x40x40
Mul_1512,1x1,0.00%,0.00%,204800,0.00%,819200,0.09%,0,0.00%,1x128x40x40,1x128x40x40
Div_1514,1x1,0.00%,0.00%,409600,0.00%,819200,0.09%,0,0.00%,1x128x40x40,1x128x40x40
QuantizeLinear_1517,1x1,0.00%,0.00%,409600,0.00%,819200,0.09%,0,0.00%,1x128x40x40,1x128x40x40
Conv_1527_quant,4x1,76.48%,76.48%,236134400,2.67%,1409536,0.16%,147584,2.03%,1x128x40x40,1x128x40x40
DequantizeLinear_1535,1x1,0.00%,0.00%,409600,0.00%,819200,0.09%,0,0.00%,1x128x40x40,1x128x40x40
Add_1537,1x1,0.00%,0.00%,204800,0.00%,819200,0.09%,0,0.00%,1x128x40x40,1x128x40x40
Clip_1540,1x1,0.00%,0.00%,409600,0.00%,819200,0.09%,0,0.00%,1x128x40x40,1x128x40x40
Mul_1541,1x1,0.00%,0.00%,204800,0.00%,819200,0.09%,0,0.00%,1x128x40x40,1x128x40x40
Div_1543,1x1,0.00%,0.00%,409600,0.00%,819200,0.09%,0,0.00%,1x128x40x40,1x128x40x40
Concat_1573,1x1,0.00%,0.00%,0,0.00%,1638400,0.19%,0,0.00%,1x128x40x40,1x256x40x40
QuantizeLinear_1576,1x1,0.00%,0.00%,819200,0.01%,1638400,0.19%,0,0.00%,1x256x40x40,1x256x40x40
Conv_1586_quant,4x1,78.58%,78.58%,105267200,1.19%,1901568,0.22%,65792,0.91%,1x256x40x40,1x256x40x40
DequantizeLinear_1594,1x1,0.00%,0.00%,819200,0.01%,1638400,0.19%,0,0.00%,1x256x40x40,1x256x40x40
Add_1596,1x1,0.00%,0.00%,409600,0.00%,1638400,0.19%,0,0.00%,1x256x40x40,1x256x40x40
Clip_1599,1x1,0.00%,0.00%,819200,0.01%,1638400,0.19%,0,0.00%,1x256x40x40,1x256x40x40
Mul_1600,1x1,0.00%,0.00%,409600,0.00%,1638400,0.19%,0,0.00%,1x256x40x40,1x256x40x40
Div_1602,1x1,0.00%,0.00%,819200,0.01%,1638400,0.19%,0,0.00%,1x256x40x40,1x256x40x40
QuantizeLinear_1605,1x1,0.00%,0.00%,819200,0.01%,1638400,0.19%,0,0.00%,1x256x40x40,1x256x40x40
Conv_1858,1x1,0.00%,0.00%,104856000,1.19%,1894140,0.22%,65535,0.90%,1x256x40x40,1x255x40x40
Conv_1615_quant,4x1,76.99%,76.99%,236032000,2.67%,2769920,0.31%,590080,8.12%,1x256x40x40,1x256x20x20
Shape_1859,1x1,0.00%,0.00%,0,0.00%,16,0.00%,0,0.00%,1x255x40x40,4
Shape_1862,1x1,0.00%,0.00%,0,0.00%,16,0.00%,0,0.00%,1x255x40x40,4
Shape_1865,1x1,0.00%,0.00%,0,0.00%,16,0.00%,0,0.00%,1x255x40x40,4
DequantizeLinear_1623,1x1,0.00%,0.00%,204800,0.00%,409600,0.05%,0,0.00%,1x256x20x20,1x256x20x20
Gather_1861,1x1,0.00%,0.00%,0,0.00%,0,0.00%,0,0.00%,4,0
Gather_1864,1x1,0.00%,0.00%,0,0.00%,0,0.00%,0,0.00%,4,0
Gather_1867,1x1,0.00%,0.00%,0,0.00%,0,0.00%,0,0.00%,4,0
Add_1625,1x1,0.00%,0.00%,102400,0.00%,409600,0.05%,0,0.00%,1x256x20x20,1x256x20x20
Unsqueeze_1868,1x1,0.00%,0.00%,0,0.00%,4,0.00%,0,0.00%,0,1
Unsqueeze_1869,1x1,0.00%,0.00%,0,0.00%,4,0.00%,0,0.00%,0,1
Unsqueeze_1870,1x1,0.00%,0.00%,0,0.00%,4,0.00%,0,0.00%,0,1
Cast_1874,1x1,0.00%,0.00%,0,0.00%,0,0.00%,0,0.00%,0,0
Cast_1878,1x1,0.00%,0.00%,0,0.00%,0,0.00%,0,0.00%,0,0
Unsqueeze_1900,1x1,0.00%,0.00%,0,0.00%,4,0.00%,0,0.00%,0,1
Unsqueeze_1901,1x1,0.00%,0.00%,0,0.00%,4,0.00%,0,0.00%,0,1
Unsqueeze_1934,1x1,0.00%,0.00%,0,0.00%,4,0.00%,0,0.00%,0,1
Clip_1628,1x1,0.00%,0.00%,204800,0.00%,409600,0.05%,0,0.00%,1x256x20x20,1x256x20x20
Concat_1871,1x1,0.00%,0.00%,0,0.00%,28,0.00%,2,0.00%,1,5
Range_1877,1x1,0.00%,0.00%,80,0.00%,160,0.00%,0,0.00%,0,40
Range_1881,1x1,0.00%,0.00%,80,0.00%,160,0.00%,0,0.00%,0,40
Concat_1902,1x1,0.00%,0.00%,0,0.00%,32,0.00%,3,0.00%,1,5
Concat_1935,1x1,0.00%,0.00%,0,0.00%,20,0.00%,2,0.00%,1,3
Mul_1629,1x1,0.00%,0.00%,102400,0.00%,409600,0.05%,0,0.00%,1x256x20x20,1x256x20x20
Reshape_1872,1x1,0.00%,0.00%,0,0.00%,1632000,0.19%,0,0.00%,1x255x40x40,1x3x85x40x40
Reshape_1883,1x1,0.00%,0.00%,0,0.00%,164,0.00%,1,0.00%,40,40
Reshape_1885,1x1,0.00%,0.00%,0,0.00%,164,0.00%,1,0.00%,40,40
Div_1631,1x1,0.00%,0.00%,204800,0.00%,409600,0.05%,0,0.00%,1x256x20x20,1x256x20x20
Shape_1886,1x1,0.00%,0.00%,0,0.00%,4,0.00%,0,0.00%,40,1
Shape_1887,1x1,0.00%,0.00%,0,0.00%,4,0.00%,0,0.00%,40,1
Transpose_1873,1x1,0.00%,0.00%,0,0.00%,1632000,0.19%,0,0.00%,1x3x85x40x40,1x3x40x40x85
Concat_1632,1x1,0.00%,0.00%,0,0.00%,819200,0.09%,0,0.00%,1x256x20x20,1x512x20x20
Concat_1888,1x1,0.00%,0.00%,0,0.00%,8,0.00%,0,0.00%,1,2
Concat_1890,1x1,0.00%,0.00%,0,0.00%,12,0.00%,1,0.00%,1,2
Concat_1894,1x1,0.00%,0.00%,0,0.00%,12,0.00%,1,0.00%,1,2
Sigmoid_1906,1x1,0.00%,0.00%,6528000,0.07%,1632000,0.19%,0,0.00%,1x3x40x40x85,1x3x40x40x85
QuantizeLinear_1635,1x1,0.00%,0.00%,409600,0.00%,819200,0.09%,0,0.00%,1x512x20x20,1x512x20x20
Reshape_1891,1x1,0.00%,0.00%,0,0.00%,160,0.00%,0,0.00%,40,40x1
Reshape_1895,1x1,0.00%,0.00%,0,0.00%,160,0.00%,0,0.00%,40,1x40
Slice_1911,1x1,0.00%,0.00%,0,0.00%,38416,0.00%,4,0.00%,1x3x40x40x85,1x3x40x40x2
Slice_1923,1x1,0.00%,0.00%,0,0.00%,38416,0.00%,4,0.00%,1x3x40x40x85,1x3x40x40x2
Slice_1932,1x1,0.00%,0.00%,0,0.00%,1555216,0.18%,4,0.00%,1x3x40x40x85,1x3x40x40x81
Conv_1645_quant,4x1,67.38%,67.38%,52531200,0.60%,934912,0.11%,131328,1.81%,1x512x20x20,1x256x20x20
Conv_1732_quant,4x1,76.14%,76.14%,52531200,0.60%,934912,0.11%,131328,1.81%,1x512x20x20,1x256x20x20
Expand_1892,1x1,0.00%,0.00%,0,0.00%,6400,0.00%,0,0.00%,40x1,40x40
Expand_1896,1x1,0.00%,0.00%,0,0.00%,6400,0.00%,0,0.00%,1x40,40x40
Mul_1913,1x1,0.00%,0.00%,9600,0.00%,38400,0.00%,0,0.00%,1x3x40x40x2,1x3x40x40x2
Mul_1925,1x1,0.00%,0.00%,9600,0.00%,38400,0.00%,0,0.00%,1x3x40x40x2,1x3x40x40x2
DequantizeLinear_1653,1x1,0.00%,0.00%,204800,0.00%,409600,0.05%,0,0.00%,1x256x20x20,1x256x20x20
DequantizeLinear_1740,1x1,0.00%,0.00%,204800,0.00%,409600,0.05%,0,0.00%,1x256x20x20,1x256x20x20
Unsqueeze_1897,1x1,0.00%,0.00%,0,0.00%,6400,0.00%,0,0.00%,40x40,40x40x1
Unsqueeze_1898,1x1,0.00%,0.00%,0,0.00%,6400,0.00%,0,0.00%,40x40,40x40x1
Sub_1915,1x1,0.00%,0.00%,9600,0.00%,38400,0.00%,0,0.00%,1x3x40x40x2,1x3x40x40x2
Pow_1926,1x1,0.00%,0.00%,307200,0.00%,38400,0.00%,0,0.00%,1x3x40x40x2,1x3x40x40x2
Add_1655,1x1,0.00%,0.00%,102400,0.00%,409600,0.05%,0,0.00%,1x256x20x20,1x256x20x20
Add_1742,1x1,0.00%,0.00%,102400,0.00%,409600,0.05%,0,0.00%,1x256x20x20,1x256x20x20
Concat_1899,1x1,0.00%,0.00%,0,0.00%,12800,0.00%,0,0.00%,40x40x1,40x40x2
Mul_1927,1x1,0.00%,0.00%,9600,0.00%,38424,0.00%,6,0.00%,1x3x40x40x2,1x3x40x40x2
Clip_1658,1x1,0.00%,0.00%,204800,0.00%,409600,0.05%,0,0.00%,1x256x20x20,1x256x20x20
Clip_1745,1x1,0.00%,0.00%,204800,0.00%,409600,0.05%,0,0.00%,1x256x20x20,1x256x20x20
Reshape_1903,1x1,0.00%,0.00%,0,0.00%,12800,0.00%,0,0.00%,40x40x2,1x1x40x40x2
Mul_1659,1x1,0.00%,0.00%,102400,0.00%,409600,0.05%,0,0.00%,1x256x20x20,1x256x20x20
Mul_1746,1x1,0.00%,0.00%,102400,0.00%,409600,0.05%,0,0.00%,1x256x20x20,1x256x20x20
Cast_1904,1x1,0.00%,0.00%,0,0.00%,12800,0.00%,0,0.00%,1x1x40x40x2,1x1x40x40x2
Div_1661,1x1,0.00%,0.00%,204800,0.00%,409600,0.05%,0,0.00%,1x256x20x20,1x256x20x20
Div_1748,1x1,0.00%,0.00%,204800,0.00%,409600,0.05%,0,0.00%,1x256x20x20,1x256x20x20
Cast_1905,1x1,0.00%,0.00%,0,0.00%,12800,0.00%,0,0.00%,1x1x40x40x2,1x1x40x40x2
QuantizeLinear_1664,1x1,0.00%,0.00%,204800,0.00%,409600,0.05%,0,0.00%,1x256x20x20,1x256x20x20
Add_1916,1x1,0.00%,0.00%,9600,0.00%,38400,0.00%,0,0.00%,1x3x40x40x2,1x3x40x40x2
Conv_1674_quant,4x1,67.35%,67.35%,26316800,0.30%,672768,0.08%,65792,0.91%,1x256x20x20,1x256x20x20
Mul_1918,1x1,0.00%,0.00%,9600,0.00%,38400,0.00%,0,0.00%,1x3x40x40x2,1x3x40x40x2
DequantizeLinear_1682,1x1,0.00%,0.00%,204800,0.00%,409600,0.05%,0,0.00%,1x256x20x20,1x256x20x20
Concat_1933,1x1,0.00%,0.00%,0,0.00%,1632000,0.19%,0,0.00%,1x3x40x40x2,1x3x40x40x85
Add_1684,1x1,0.00%,0.00%,102400,0.00%,409600,0.05%,0,0.00%,1x256x20x20,1x256x20x20
Reshape_1936,1x1,0.00%,0.00%,0,0.00%,1632000,0.19%,0,0.00%,1x3x40x40x85,1x4800x85
Clip_1687,1x1,0.00%,0.00%,204800,0.00%,409600,0.05%,0,0.00%,1x256x20x20,1x256x20x20
Mul_1688,1x1,0.00%,0.00%,102400,0.00%,409600,0.05%,0,0.00%,1x256x20x20,1x256x20x20
Div_1690,1x1,0.00%,0.00%,204800,0.00%,409600,0.05%,0,0.00%,1x256x20x20,1x256x20x20
QuantizeLinear_1693,1x1,0.00%,0.00%,204800,0.00%,409600,0.05%,0,0.00%,1x256x20x20,1x256x20x20
Conv_1703_quant,4x1,77.66%,77.66%,236032000,2.67%,2769920,0.31%,590080,8.12%,1x256x20x20,1x256x20x20
DequantizeLinear_1711,1x1,0.00%,0.00%,204800,0.00%,409600,0.05%,0,0.00%,1x256x20x20,1x256x20x20
Add_1713,1x1,0.00%,0.00%,102400,0.00%,409600,0.05%,0,0.00%,1x256x20x20,1x256x20x20
Clip_1716,1x1,0.00%,0.00%,204800,0.00%,409600,0.05%,0,0.00%,1x256x20x20,1x256x20x20
Mul_1717,1x1,0.00%,0.00%,102400,0.00%,409600,0.05%,0,0.00%,1x256x20x20,1x256x20x20
Div_1719,1x1,0.00%,0.00%,204800,0.00%,409600,0.05%,0,0.00%,1x256x20x20,1x256x20x20
Concat_1749,1x1,0.00%,0.00%,0,0.00%,819200,0.09%,0,0.00%,1x256x20x20,1x512x20x20
QuantizeLinear_1752,1x1,0.00%,0.00%,409600,0.00%,819200,0.09%,0,0.00%,1x512x20x20,1x512x20x20
Conv_1762_quant,4x1,78.45%,78.45%,105062400,1.19%,1869824,0.21%,262656,3.61%,1x512x20x20,1x512x20x20
DequantizeLinear_1770,1x1,0.00%,0.00%,409600,0.00%,819200,0.09%,0,0.00%,1x512x20x20,1x512x20x20
Add_1772,1x1,0.00%,0.00%,204800,0.00%,819200,0.09%,0,0.00%,1x512x20x20,1x512x20x20
Clip_1775,1x1,0.00%,0.00%,409600,0.00%,819200,0.09%,0,0.00%,1x512x20x20,1x512x20x20
Mul_1776,1x1,0.00%,0.00%,204800,0.00%,819200,0.09%,0,0.00%,1x512x20x20,1x512x20x20
Div_1778,1x1,0.00%,0.00%,409600,0.00%,819200,0.09%,0,0.00%,1x512x20x20,1x512x20x20
Conv_1937,1x1,0.00%,0.00%,52326000,0.59%,931260,0.11%,130815,1.80%,1x512x20x20,1x255x20x20
Shape_1938,1x1,0.00%,0.00%,0,0.00%,16,0.00%,0,0.00%,1x255x20x20,4
Shape_1941,1x1,0.00%,0.00%,0,0.00%,16,0.00%,0,0.00%,1x255x20x20,4
Shape_1944,1x1,0.00%,0.00%,0,0.00%,16,0.00%,0,0.00%,1x255x20x20,4
Gather_1940,1x1,0.00%,0.00%,0,0.00%,0,0.00%,0,0.00%,4,0
Gather_1943,1x1,0.00%,0.00%,0,0.00%,0,0.00%,0,0.00%,4,0
Gather_1946,1x1,0.00%,0.00%,0,0.00%,0,0.00%,0,0.00%,4,0
Unsqueeze_1947,1x1,0.00%,0.00%,0,0.00%,4,0.00%,0,0.00%,0,1
Unsqueeze_1948,1x1,0.00%,0.00%,0,0.00%,4,0.00%,0,0.00%,0,1
Unsqueeze_1949,1x1,0.00%,0.00%,0,0.00%,4,0.00%,0,0.00%,0,1
Cast_1953,1x1,0.00%,0.00%,0,0.00%,0,0.00%,0,0.00%,0,0
Cast_1957,1x1,0.00%,0.00%,0,0.00%,0,0.00%,0,0.00%,0,0
Unsqueeze_1979,1x1,0.00%,0.00%,0,0.00%,4,0.00%,0,0.00%,0,1
Unsqueeze_1980,1x1,0.00%,0.00%,0,0.00%,4,0.00%,0,0.00%,0,1
Unsqueeze_2013,1x1,0.00%,0.00%,0,0.00%,4,0.00%,0,0.00%,0,1
Concat_1950,1x1,0.00%,0.00%,0,0.00%,28,0.00%,2,0.00%,1,5
Range_1956,1x1,0.00%,0.00%,40,0.00%,80,0.00%,0,0.00%,0,20
Range_1960,1x1,0.00%,0.00%,40,0.00%,80,0.00%,0,0.00%,0,20
Concat_1981,1x1,0.00%,0.00%,0,0.00%,32,0.00%,3,0.00%,1,5
Concat_2014,1x1,0.00%,0.00%,0,0.00%,20,0.00%,2,0.00%,1,3
Reshape_1951,1x1,0.00%,0.00%,0,0.00%,408000,0.05%,0,0.00%,1x255x20x20,1x3x85x20x20
Reshape_1962,1x1,0.00%,0.00%,0,0.00%,84,0.00%,1,0.00%,20,20
Reshape_1964,1x1,0.00%,0.00%,0,0.00%,84,0.00%,1,0.00%,20,20
Shape_1965,1x1,0.00%,0.00%,0,0.00%,4,0.00%,0,0.00%,20,1
Shape_1966,1x1,0.00%,0.00%,0,0.00%,4,0.00%,0,0.00%,20,1
Transpose_1952,1x1,0.00%,0.00%,0,0.00%,408000,0.05%,0,0.00%,1x3x85x20x20,1x3x20x20x85
Concat_1967,1x1,0.00%,0.00%,0,0.00%,8,0.00%,0,0.00%,1,2
Concat_1969,1x1,0.00%,0.00%,0,0.00%,12,0.00%,1,0.00%,1,2
Concat_1973,1x1,0.00%,0.00%,0,0.00%,12,0.00%,1,0.00%,1,2
Sigmoid_1985,1x1,0.00%,0.00%,1632000,0.02%,408000,0.05%,0,0.00%,1x3x20x20x85,1x3x20x20x85
Reshape_1970,1x1,0.00%,0.00%,0,0.00%,80,0.00%,0,0.00%,20,20x1
Reshape_1974,1x1,0.00%,0.00%,0,0.00%,80,0.00%,0,0.00%,20,1x20
Slice_1990,1x1,0.00%,0.00%,0,0.00%,9616,0.00%,4,0.00%,1x3x20x20x85,1x3x20x20x2
Slice_2002,1x1,0.00%,0.00%,0,0.00%,9616,0.00%,4,0.00%,1x3x20x20x85,1x3x20x20x2
Slice_2011,1x1,0.00%,0.00%,0,0.00%,388816,0.04%,4,0.00%,1x3x20x20x85,1x3x20x20x81
Expand_1971,1x1,0.00%,0.00%,0,0.00%,1600,0.00%,0,0.00%,20x1,20x20
Expand_1975,1x1,0.00%,0.00%,0,0.00%,1600,0.00%,0,0.00%,1x20,20x20
Mul_1992,1x1,0.00%,0.00%,2400,0.00%,9600,0.00%,0,0.00%,1x3x20x20x2,1x3x20x20x2
Mul_2004,1x1,0.00%,0.00%,2400,0.00%,9600,0.00%,0,0.00%,1x3x20x20x2,1x3x20x20x2
Unsqueeze_1976,1x1,0.00%,0.00%,0,0.00%,1600,0.00%,0,0.00%,20x20,20x20x1
Unsqueeze_1977,1x1,0.00%,0.00%,0,0.00%,1600,0.00%,0,0.00%,20x20,20x20x1
Sub_1994,1x1,0.00%,0.00%,2400,0.00%,9600,0.00%,0,0.00%,1x3x20x20x2,1x3x20x20x2
Pow_2005,1x1,0.00%,0.00%,76800,0.00%,9600,0.00%,0,0.00%,1x3x20x20x2,1x3x20x20x2
Concat_1978,1x1,0.00%,0.00%,0,0.00%,3200,0.00%,0,0.00%,20x20x1,20x20x2
Mul_2006,1x1,0.00%,0.00%,2400,0.00%,9624,0.00%,6,0.00%,1x3x20x20x2,1x3x20x20x2
Reshape_1982,1x1,0.00%,0.00%,0,0.00%,3200,0.00%,0,0.00%,20x20x2,1x1x20x20x2
Cast_1983,1x1,0.00%,0.00%,0,0.00%,3200,0.00%,0,0.00%,1x1x20x20x2,1x1x20x20x2
Cast_1984,1x1,0.00%,0.00%,0,0.00%,3200,0.00%,0,0.00%,1x1x20x20x2,1x1x20x20x2
Add_1995,1x1,0.00%,0.00%,2400,0.00%,9600,0.00%,0,0.00%,1x3x20x20x2,1x3x20x20x2
Mul_1997,1x1,0.00%,0.00%,2400,0.00%,9600,0.00%,0,0.00%,1x3x20x20x2,1x3x20x20x2
Concat_2012,1x1,0.00%,0.00%,0,0.00%,408000,0.05%,0,0.00%,1x3x20x20x2,1x3x20x20x85
Reshape_2015,1x1,0.00%,0.00%,0,0.00%,408000,0.05%,0,0.00%,1x3x20x20x85,1x1200x85
Concat_2016,1x1,0.00%,0.00%,0,0.00%,8568000,0.97%,0,0.00%,1x19200x85,1x25200x85
Total,_,_,_,8827731360,100%,880537828,100%,7267100,100%,_,_
